[
    {
        "model": "mytest.question",
        "pk": 1,
        "fields": {
            "question": "2 + 2 =",
            "test_q": 1
        }
    },
    {
        "model": "mytest.question",
        "pk": 2,
        "fields": {
            "question": "sin30 =",
            "test_q": 1
        }
    },
    {
        "model": "mytest.question",
        "pk": 3,
        "fields": {
            "question": "cos 0 =",
            "test_q": 1
        }
    },
    {
        "model": "mytest.question",
        "pk": 4,
        "fields": {
            "question": "Pi =",
            "test_q": 1
        }
    },
    {
        "model": "mytest.question",
        "pk": 5,
        "fields": {
            "question": "Exp =",
            "test_q": 1
        }
    },
    {
        "model": "mytest.question",
        "pk": 6,
        "fields": {
            "question": "Days in a year(2019)?",
            "test_q": 2
        }
    },
    {
        "model": "mytest.question",
        "pk": 7,
        "fields": {
            "question": "Planets in the solar system?",
            "test_q": 2
        }
    },
    {
        "model": "mytest.question",
        "pk": 8,
        "fields": {
            "question": "Fruit?",
            "test_q": 2
        }
    },
    {
        "model": "mytest.question",
        "pk": 9,
        "fields": {
            "question": "NOT olympic sport?",
            "test_q": 2
        }
    },
    {
        "model": "mytest.question",
        "pk": 10,
        "fields": {
            "question": "The most popular online game in the world(2019)",
            "test_q": 2
        }
    },
    {
        "model": "mytest.answer",
        "pk": 1,
        "fields": {
            "answer": "3",
            "question": 1,
            "test": 1,
            "is_correctly": false
        }
    },
    {
        "model": "mytest.answer",
        "pk": 2,
        "fields": {
            "answer": "4",
            "question": 1,
            "test": 1,
            "is_correctly": true
        }
    },
    {
        "model": "mytest.answer",
        "pk": 3,
        "fields": {
            "answer": "5",
            "question": 1,
            "test": 1,
            "is_correctly": false
        }
    },
    {
        "model": "mytest.answer",
        "pk": 4,
        "fields": {
            "answer": "22",
            "question": 1,
            "test": 1,
            "is_correctly": false
        }
    },
    {
        "model": "mytest.answer",
        "pk": 5,
        "fields": {
            "answer": "1/2",
            "question": 2,
            "test": 1,
            "is_correctly": true
        }
    },
    {
        "model": "mytest.answer",
        "pk": 6,
        "fields": {
            "answer": "3/2",
            "question": 2,
            "test": 1,
            "is_correctly": false
        }
    },
    {
        "model": "mytest.answer",
        "pk": 7,
        "fields": {
            "answer": "3/5",
            "question": 2,
            "test": 1,
            "is_correctly": false
        }
    },
    {
        "model": "mytest.answer",
        "pk": 8,
        "fields": {
            "answer": "1",
            "question": 2,
            "test": 1,
            "is_correctly": false
        }
    },
    {
        "model": "mytest.answer",
        "pk": 9,
        "fields": {
            "answer": "1/2",
            "question": 3,
            "test": 1,
            "is_correctly": false
        }
    },
    {
        "model": "mytest.answer",
        "pk": 10,
        "fields": {
            "answer": "3/2",
            "question": 3,
            "test": 1,
            "is_correctly": false
        }
    },
    {
        "model": "mytest.answer",
        "pk": 11,
        "fields": {
            "answer": "3/5",
            "question": 3,
            "test": 1,
            "is_correctly": false
        }
    },
    {
        "model": "mytest.answer",
        "pk": 12,
        "fields": {
            "answer": "1",
            "question": 3,
            "test": 1,
            "is_correctly": true
        }
    },
    {
        "model": "mytest.answer",
        "pk": 13,
        "fields": {
            "answer": "3,14",
            "question": 4,
            "test": 1,
            "is_correctly": true
        }
    },
    {
        "model": "mytest.answer",
        "pk": 14,
        "fields": {
            "answer": "2,71",
            "question": 4,
            "test": 1,
            "is_correctly": false
        }
    },
    {
        "model": "mytest.answer",
        "pk": 15,
        "fields": {
            "answer": "0,89",
            "question": 4,
            "test": 1,
            "is_correctly": false
        }
    },
    {
        "model": "mytest.answer",
        "pk": 16,
        "fields": {
            "answer": "11,2",
            "question": 4,
            "test": 1,
            "is_correctly": false
        }
    },
    {
        "model": "mytest.answer",
        "pk": 17,
        "fields": {
            "answer": "3,14",
            "question": 5,
            "test": 1,
            "is_correctly": false
        }
    },
    {
        "model": "mytest.answer",
        "pk": 18,
        "fields": {
            "answer": "2,71",
            "question": 5,
            "test": 1,
            "is_correctly": true
        }
    },
    {
        "model": "mytest.answer",
        "pk": 19,
        "fields": {
            "answer": "0,89",
            "question": 5,
            "test": 1,
            "is_correctly": false
        }
    },
    {
        "model": "mytest.answer",
        "pk": 20,
        "fields": {
            "answer": "11,2",
            "question": 5,
            "test": 1,
            "is_correctly": false
        }
    },
    {
        "model": "mytest.answer",
        "pk": 21,
        "fields": {
            "answer": "365",
            "question": 6,
            "test": 2,
            "is_correctly": true
        }
    },
    {
        "model": "mytest.answer",
        "pk": 22,
        "fields": {
            "answer": "366",
            "question": 6,
            "test": 2,
            "is_correctly": false
        }
    },
    {
        "model": "mytest.answer",
        "pk": 23,
        "fields": {
            "answer": "245",
            "question": 6,
            "test": 2,
            "is_correctly": false
        }
    },
    {
        "model": "mytest.answer",
        "pk": 24,
        "fields": {
            "answer": "118",
            "question": 6,
            "test": 2,
            "is_correctly": false
        }
    },
    {
        "model": "mytest.answer",
        "pk": 25,
        "fields": {
            "answer": "8",
            "question": 7,
            "test": 2,
            "is_correctly": true
        }
    },
    {
        "model": "mytest.answer",
        "pk": 26,
        "fields": {
            "answer": "9",
            "question": 7,
            "test": 2,
            "is_correctly": false
        }
    },
    {
        "model": "mytest.answer",
        "pk": 27,
        "fields": {
            "answer": "1",
            "question": 7,
            "test": 2,
            "is_correctly": false
        }
    },
    {
        "model": "mytest.answer",
        "pk": 28,
        "fields": {
            "answer": "3",
            "question": 7,
            "test": 2,
            "is_correctly": false
        }
    },
    {
        "model": "mytest.answer",
        "pk": 29,
        "fields": {
            "answer": "Watermelon",
            "question": 8,
            "test": 2,
            "is_correctly": false
        }
    },
    {
        "model": "mytest.answer",
        "pk": 30,
        "fields": {
            "answer": "Grape",
            "question": 8,
            "test": 2,
            "is_correctly": true
        }
    },
    {
        "model": "mytest.answer",
        "pk": 31,
        "fields": {
            "answer": "blackberry",
            "question": 8,
            "test": 2,
            "is_correctly": false
        }
    },
    {
        "model": "mytest.answer",
        "pk": 32,
        "fields": {
            "answer": "Coconut",
            "question": 8,
            "test": 2,
            "is_correctly": false
        }
    },
    {
        "model": "mytest.answer",
        "pk": 33,
        "fields": {
            "answer": "Basketball",
            "question": 9,
            "test": 2,
            "is_correctly": false
        }
    },
    {
        "model": "mytest.answer",
        "pk": 34,
        "fields": {
            "answer": "Box",
            "question": 9,
            "test": 2,
            "is_correctly": false
        }
    },
    {
        "model": "mytest.answer",
        "pk": 35,
        "fields": {
            "answer": "Volleyball",
            "question": 9,
            "test": 2,
            "is_correctly": false
        }
    },
    {
        "model": "mytest.answer",
        "pk": 36,
        "fields": {
            "answer": "Bowling",
            "question": 9,
            "test": 2,
            "is_correctly": true
        }
    },
    {
        "model": "mytest.answer",
        "pk": 37,
        "fields": {
            "answer": "World of Warcraft",
            "question": 10,
            "test": 2,
            "is_correctly": false
        }
    },
    {
        "model": "mytest.answer",
        "pk": 38,
        "fields": {
            "answer": "DotA 2",
            "question": 10,
            "test": 2,
            "is_correctly": false
        }
    },
    {
        "model": "mytest.answer",
        "pk": 39,
        "fields": {
            "answer": "Counter-Strike",
            "question": 10,
            "test": 2,
            "is_correctly": false
        }
    },
    {
        "model": "mytest.answer",
        "pk": 40,
        "fields": {
            "answer": "Fortnite",
            "question": 10,
            "test": 2,
            "is_correctly": true
        }
    },
    {
        "model": "myaccount.user",
        "pk": 1,
        "fields": {
            "password": "pbkdf2_sha256$150000$EUhRWO1iFmqE$scCy3x6/Gy3+ODPPO3/W4XdRLTD1mJ/rQQXctTmYzfI=",
            "email": "a@a.com",
            "username": "admin",
            "img": "",
            "name": null,
            "s_name": null,
            "date_of_birth": null,
            "about_me": null,
            "date_joined": "2019-12-13T11:31:04.937Z",
            "last_login": "2019-12-13T12:19:16.187Z",
            "is_admin": true,
            "is_active": true,
            "is_superuser": true,
            "is_staff": true
        }
    },
    {
        "model": "sites.site",
        "pk": 1,
        "fields": {
            "domain": "127.0.0.1:8000",
            "name": "127.0.0.1:8000/"
        }
    },
    {
        "model": "contenttypes.contenttype",
        "pk": 1,
        "fields": {
            "app_label": "mytest",
            "model": "test"
        }
    },
    {
        "model": "contenttypes.contenttype",
        "pk": 2,
        "fields": {
            "app_label": "mytest",
            "model": "testuserlist"
        }
    },
    {
        "model": "contenttypes.contenttype",
        "pk": 3,
        "fields": {
            "app_label": "mytest",
            "model": "question"
        }
    },
    {
        "model": "contenttypes.contenttype",
        "pk": 4,
        "fields": {
            "app_label": "mytest",
            "model": "comment"
        }
    },
    {
        "model": "contenttypes.contenttype",
        "pk": 5,
        "fields": {
            "app_label": "mytest",
            "model": "answer"
        }
    },
    {
        "model": "contenttypes.contenttype",
        "pk": 6,
        "fields": {
            "app_label": "myaccount",
            "model": "user"
        }
    },
    {
        "model": "contenttypes.contenttype",
        "pk": 7,
        "fields": {
            "app_label": "account",
            "model": "emailaddress"
        }
    },
    {
        "model": "contenttypes.contenttype",
        "pk": 8,
        "fields": {
            "app_label": "account",
            "model": "emailconfirmation"
        }
    },
    {
        "model": "contenttypes.contenttype",
        "pk": 9,
        "fields": {
            "app_label": "socialaccount",
            "model": "socialaccount"
        }
    },
    {
        "model": "contenttypes.contenttype",
        "pk": 10,
        "fields": {
            "app_label": "socialaccount",
            "model": "socialapp"
        }
    },
    {
        "model": "contenttypes.contenttype",
        "pk": 11,
        "fields": {
            "app_label": "socialaccount",
            "model": "socialtoken"
        }
    },
    {
        "model": "contenttypes.contenttype",
        "pk": 12,
        "fields": {
            "app_label": "admin",
            "model": "logentry"
        }
    },
    {
        "model": "contenttypes.contenttype",
        "pk": 13,
        "fields": {
            "app_label": "auth",
            "model": "permission"
        }
    },
    {
        "model": "contenttypes.contenttype",
        "pk": 14,
        "fields": {
            "app_label": "auth",
            "model": "group"
        }
    },
    {
        "model": "contenttypes.contenttype",
        "pk": 15,
        "fields": {
            "app_label": "sites",
            "model": "site"
        }
    },
    {
        "model": "contenttypes.contenttype",
        "pk": 16,
        "fields": {
            "app_label": "contenttypes",
            "model": "contenttype"
        }
    },
    {
        "model": "contenttypes.contenttype",
        "pk": 17,
        "fields": {
            "app_label": "sessions",
            "model": "session"
        }
    },
    {
        "model": "sessions.session",
        "pk": "fjw3u3no83h2jezxgrwggp6sr9oapv89",
        "fields": {
            "session_data": "M2U0NjYxNmY5ZGNhZTVhZTg1Y2M1Nzg0NWI3NmIwMzIwNjFiZDU4NDp7InNvY2lhbGFjY291bnRfc3RhdGUiOlt7InByb2Nlc3MiOiJsb2dpbiIsInNjb3BlIjoiIiwiYXV0aF9wYXJhbXMiOiIifSwiZ2VRRTVaNWpQbVpRIl0sIl9hdXRoX3VzZXJfaWQiOiIxIiwiX2F1dGhfdXNlcl9iYWNrZW5kIjoiZGphbmdvLmNvbnRyaWIuYXV0aC5iYWNrZW5kcy5Nb2RlbEJhY2tlbmQiLCJfYXV0aF91c2VyX2hhc2giOiJjODQwMjY4MTc0NjhhODFmZjRiM2U4ZTkzMzNlOTA0ZGE3NjQwMmU0In0=",
            "expire_date": "2019-12-27T12:19:16.197Z"
        }
    },
    {
        "model": "auth.permission",
        "pk": 1,
        "fields": {
            "name": "Can add test",
            "content_type": 1,
            "codename": "add_test"
        }
    },
    {
        "model": "auth.permission",
        "pk": 2,
        "fields": {
            "name": "Can change test",
            "content_type": 1,
            "codename": "change_test"
        }
    },
    {
        "model": "auth.permission",
        "pk": 3,
        "fields": {
            "name": "Can delete test",
            "content_type": 1,
            "codename": "delete_test"
        }
    },
    {
        "model": "auth.permission",
        "pk": 4,
        "fields": {
            "name": "Can view test",
            "content_type": 1,
            "codename": "view_test"
        }
    },
    {
        "model": "auth.permission",
        "pk": 5,
        "fields": {
            "name": "Can add test user list",
            "content_type": 2,
            "codename": "add_testuserlist"
        }
    },
    {
        "model": "auth.permission",
        "pk": 6,
        "fields": {
            "name": "Can change test user list",
            "content_type": 2,
            "codename": "change_testuserlist"
        }
    },
    {
        "model": "auth.permission",
        "pk": 7,
        "fields": {
            "name": "Can delete test user list",
            "content_type": 2,
            "codename": "delete_testuserlist"
        }
    },
    {
        "model": "auth.permission",
        "pk": 8,
        "fields": {
            "name": "Can view test user list",
            "content_type": 2,
            "codename": "view_testuserlist"
        }
    },
    {
        "model": "auth.permission",
        "pk": 9,
        "fields": {
            "name": "Can add question",
            "content_type": 3,
            "codename": "add_question"
        }
    },
    {
        "model": "auth.permission",
        "pk": 10,
        "fields": {
            "name": "Can change question",
            "content_type": 3,
            "codename": "change_question"
        }
    },
    {
        "model": "auth.permission",
        "pk": 11,
        "fields": {
            "name": "Can delete question",
            "content_type": 3,
            "codename": "delete_question"
        }
    },
    {
        "model": "auth.permission",
        "pk": 12,
        "fields": {
            "name": "Can view question",
            "content_type": 3,
            "codename": "view_question"
        }
    },
    {
        "model": "auth.permission",
        "pk": 13,
        "fields": {
            "name": "Can add comment",
            "content_type": 4,
            "codename": "add_comment"
        }
    },
    {
        "model": "auth.permission",
        "pk": 14,
        "fields": {
            "name": "Can change comment",
            "content_type": 4,
            "codename": "change_comment"
        }
    },
    {
        "model": "auth.permission",
        "pk": 15,
        "fields": {
            "name": "Can delete comment",
            "content_type": 4,
            "codename": "delete_comment"
        }
    },
    {
        "model": "auth.permission",
        "pk": 16,
        "fields": {
            "name": "Can view comment",
            "content_type": 4,
            "codename": "view_comment"
        }
    },
    {
        "model": "auth.permission",
        "pk": 17,
        "fields": {
            "name": "Can add answer",
            "content_type": 5,
            "codename": "add_answer"
        }
    },
    {
        "model": "auth.permission",
        "pk": 18,
        "fields": {
            "name": "Can change answer",
            "content_type": 5,
            "codename": "change_answer"
        }
    },
    {
        "model": "auth.permission",
        "pk": 19,
        "fields": {
            "name": "Can delete answer",
            "content_type": 5,
            "codename": "delete_answer"
        }
    },
    {
        "model": "auth.permission",
        "pk": 20,
        "fields": {
            "name": "Can view answer",
            "content_type": 5,
            "codename": "view_answer"
        }
    },
    {
        "model": "auth.permission",
        "pk": 21,
        "fields": {
            "name": "Can add user",
            "content_type": 6,
            "codename": "add_user"
        }
    },
    {
        "model": "auth.permission",
        "pk": 22,
        "fields": {
            "name": "Can change user",
            "content_type": 6,
            "codename": "change_user"
        }
    },
    {
        "model": "auth.permission",
        "pk": 23,
        "fields": {
            "name": "Can delete user",
            "content_type": 6,
            "codename": "delete_user"
        }
    },
    {
        "model": "auth.permission",
        "pk": 24,
        "fields": {
            "name": "Can view user",
            "content_type": 6,
            "codename": "view_user"
        }
    },
    {
        "model": "auth.permission",
        "pk": 25,
        "fields": {
            "name": "Can add email address",
            "content_type": 7,
            "codename": "add_emailaddress"
        }
    },
    {
        "model": "auth.permission",
        "pk": 26,
        "fields": {
            "name": "Can change email address",
            "content_type": 7,
            "codename": "change_emailaddress"
        }
    },
    {
        "model": "auth.permission",
        "pk": 27,
        "fields": {
            "name": "Can delete email address",
            "content_type": 7,
            "codename": "delete_emailaddress"
        }
    },
    {
        "model": "auth.permission",
        "pk": 28,
        "fields": {
            "name": "Can view email address",
            "content_type": 7,
            "codename": "view_emailaddress"
        }
    },
    {
        "model": "auth.permission",
        "pk": 29,
        "fields": {
            "name": "Can add email confirmation",
            "content_type": 8,
            "codename": "add_emailconfirmation"
        }
    },
    {
        "model": "auth.permission",
        "pk": 30,
        "fields": {
            "name": "Can change email confirmation",
            "content_type": 8,
            "codename": "change_emailconfirmation"
        }
    },
    {
        "model": "auth.permission",
        "pk": 31,
        "fields": {
            "name": "Can delete email confirmation",
            "content_type": 8,
            "codename": "delete_emailconfirmation"
        }
    },
    {
        "model": "auth.permission",
        "pk": 32,
        "fields": {
            "name": "Can view email confirmation",
            "content_type": 8,
            "codename": "view_emailconfirmation"
        }
    },
    {
        "model": "auth.permission",
        "pk": 33,
        "fields": {
            "name": "Can add social account",
            "content_type": 9,
            "codename": "add_socialaccount"
        }
    },
    {
        "model": "auth.permission",
        "pk": 34,
        "fields": {
            "name": "Can change social account",
            "content_type": 9,
            "codename": "change_socialaccount"
        }
    },
    {
        "model": "auth.permission",
        "pk": 35,
        "fields": {
            "name": "Can delete social account",
            "content_type": 9,
            "codename": "delete_socialaccount"
        }
    },
    {
        "model": "auth.permission",
        "pk": 36,
        "fields": {
            "name": "Can view social account",
            "content_type": 9,
            "codename": "view_socialaccount"
        }
    },
    {
        "model": "auth.permission",
        "pk": 37,
        "fields": {
            "name": "Can add social application",
            "content_type": 10,
            "codename": "add_socialapp"
        }
    },
    {
        "model": "auth.permission",
        "pk": 38,
        "fields": {
            "name": "Can change social application",
            "content_type": 10,
            "codename": "change_socialapp"
        }
    },
    {
        "model": "auth.permission",
        "pk": 39,
        "fields": {
            "name": "Can delete social application",
            "content_type": 10,
            "codename": "delete_socialapp"
        }
    },
    {
        "model": "auth.permission",
        "pk": 40,
        "fields": {
            "name": "Can view social application",
            "content_type": 10,
            "codename": "view_socialapp"
        }
    },
    {
        "model": "auth.permission",
        "pk": 41,
        "fields": {
            "name": "Can add social application token",
            "content_type": 11,
            "codename": "add_socialtoken"
        }
    },
    {
        "model": "auth.permission",
        "pk": 42,
        "fields": {
            "name": "Can change social application token",
            "content_type": 11,
            "codename": "change_socialtoken"
        }
    },
    {
        "model": "auth.permission",
        "pk": 43,
        "fields": {
            "name": "Can delete social application token",
            "content_type": 11,
            "codename": "delete_socialtoken"
        }
    },
    {
        "model": "auth.permission",
        "pk": 44,
        "fields": {
            "name": "Can view social application token",
            "content_type": 11,
            "codename": "view_socialtoken"
        }
    },
    {
        "model": "auth.permission",
        "pk": 45,
        "fields": {
            "name": "Can add log entry",
            "content_type": 12,
            "codename": "add_logentry"
        }
    },
    {
        "model": "auth.permission",
        "pk": 46,
        "fields": {
            "name": "Can change log entry",
            "content_type": 12,
            "codename": "change_logentry"
        }
    },
    {
        "model": "auth.permission",
        "pk": 47,
        "fields": {
            "name": "Can delete log entry",
            "content_type": 12,
            "codename": "delete_logentry"
        }
    },
    {
        "model": "auth.permission",
        "pk": 48,
        "fields": {
            "name": "Can view log entry",
            "content_type": 12,
            "codename": "view_logentry"
        }
    },
    {
        "model": "auth.permission",
        "pk": 49,
        "fields": {
            "name": "Can add permission",
            "content_type": 13,
            "codename": "add_permission"
        }
    },
    {
        "model": "auth.permission",
        "pk": 50,
        "fields": {
            "name": "Can change permission",
            "content_type": 13,
            "codename": "change_permission"
        }
    },
    {
        "model": "auth.permission",
        "pk": 51,
        "fields": {
            "name": "Can delete permission",
            "content_type": 13,
            "codename": "delete_permission"
        }
    },
    {
        "model": "auth.permission",
        "pk": 52,
        "fields": {
            "name": "Can view permission",
            "content_type": 13,
            "codename": "view_permission"
        }
    },
    {
        "model": "auth.permission",
        "pk": 53,
        "fields": {
            "name": "Can add group",
            "content_type": 14,
            "codename": "add_group"
        }
    },
    {
        "model": "auth.permission",
        "pk": 54,
        "fields": {
            "name": "Can change group",
            "content_type": 14,
            "codename": "change_group"
        }
    },
    {
        "model": "auth.permission",
        "pk": 55,
        "fields": {
            "name": "Can delete group",
            "content_type": 14,
            "codename": "delete_group"
        }
    },
    {
        "model": "auth.permission",
        "pk": 56,
        "fields": {
            "name": "Can view group",
            "content_type": 14,
            "codename": "view_group"
        }
    },
    {
        "model": "auth.permission",
        "pk": 57,
        "fields": {
            "name": "Can add site",
            "content_type": 15,
            "codename": "add_site"
        }
    },
    {
        "model": "auth.permission",
        "pk": 58,
        "fields": {
            "name": "Can change site",
            "content_type": 15,
            "codename": "change_site"
        }
    },
    {
        "model": "auth.permission",
        "pk": 59,
        "fields": {
            "name": "Can delete site",
            "content_type": 15,
            "codename": "delete_site"
        }
    },
    {
        "model": "auth.permission",
        "pk": 60,
        "fields": {
            "name": "Can view site",
            "content_type": 15,
            "codename": "view_site"
        }
    },
    {
        "model": "auth.permission",
        "pk": 61,
        "fields": {
            "name": "Can add content type",
            "content_type": 16,
            "codename": "add_contenttype"
        }
    },
    {
        "model": "auth.permission",
        "pk": 62,
        "fields": {
            "name": "Can change content type",
            "content_type": 16,
            "codename": "change_contenttype"
        }
    },
    {
        "model": "auth.permission",
        "pk": 63,
        "fields": {
            "name": "Can delete content type",
            "content_type": 16,
            "codename": "delete_contenttype"
        }
    },
    {
        "model": "auth.permission",
        "pk": 64,
        "fields": {
            "name": "Can view content type",
            "content_type": 16,
            "codename": "view_contenttype"
        }
    },
    {
        "model": "auth.permission",
        "pk": 65,
        "fields": {
            "name": "Can add session",
            "content_type": 17,
            "codename": "add_session"
        }
    },
    {
        "model": "auth.permission",
        "pk": 66,
        "fields": {
            "name": "Can change session",
            "content_type": 17,
            "codename": "change_session"
        }
    },
    {
        "model": "auth.permission",
        "pk": 67,
        "fields": {
            "name": "Can delete session",
            "content_type": 17,
            "codename": "delete_session"
        }
    },
    {
        "model": "auth.permission",
        "pk": 68,
        "fields": {
            "name": "Can view session",
            "content_type": 17,
            "codename": "view_session"
        }
    },
    {
        "model": "admin.logentry",
        "pk": 1,
        "fields": {
            "action_time": "2019-12-13T12:16:40.109Z",
            "user": 1,
            "content_type": 10,
            "object_id": "1",
            "object_repr": "Google API",
            "action_flag": 1,
            "change_message": "[{\"added\": {}}]"
        }
    },
    {
        "model": "admin.logentry",
        "pk": 2,
        "fields": {
            "action_time": "2019-12-13T12:16:57.330Z",
            "user": 1,
            "content_type": 15,
            "object_id": "1",
            "object_repr": "127.0.0.1:8000",
            "action_flag": 2,
            "change_message": "[{\"changed\": {\"fields\": [\"domain\", \"name\"]}}]"
        }
    },
    {
        "model": "admin.logentry",
        "pk": 3,
        "fields": {
            "action_time": "2019-12-13T12:19:30.150Z",
            "user": 1,
            "content_type": 6,
            "object_id": "2",
            "object_repr": "user",
            "action_flag": 3,
            "change_message": ""
        }
    },
    {
        "model": "socialaccount.socialapp",
        "pk": 1,
        "fields": {
            "provider": "google",
            "name": "Google API",
            "client_id": "528977766557-55dqkn86gdl8dedj567tlui82g6qrum2.apps.googleusercontent.com",
            "secret": "fuobuQsB7YQAJvue9IB_7HnE",
            "key": "",
            "sites": [
                1
            ]
        }
    },
    {
        "model": "mytest.test",
        "pk": 1,
        "fields": {
            "title": "Math",
            "img": "uploads/math.jpg",
            "description": "Math test",
            "author": 1,
            "date": "2019-12-13T11:35:38.537Z"
        }
    },
    {
        "model": "mytest.test",
        "pk": 2,
        "fields": {
            "title": "General Knowledge",
            "img": "uploads/sun.jpg",
            "description": "General knowledge test.",
            "author": 1,
            "date": "2019-12-13T11:48:54.941Z"
        }
    }
]